distribution,loo_influence
background,0.03362982479124313
background,0.006528286849527435
background,0.00626379935247978
background,0.014253292812044346
background,0.0058114402238201865
background,0.011407822203941433
background,0.009817455892886509
background,0.017130477829118237
background,0.008833324068551049
background,0.008241553215037029
background,0.005020390244887875
background,0.009674642261737814
background,0.01370092471123691
background,0.008088745229915999
background,0.013553111845736161
background,0.01778538702626789
background,0.008123625190318786
background,0.009982954986973139
background,0.01777301037678169
background,0.005825038761455208
background,0.014745220412256399
background,0.0182562932214134
background,0.010433894501570127
background,0.014141473398663453
background,0.010143876519337543
background,0.008362518815740357
background,0.037522083841248464
background,0.013754801415660156
background,0.007164981398415407
background,0.006243491641480602
background,0.007009276022725434
background,0.019236284424045666
background,0.024707607560370208
background,0.01960951152235376
background,0.0041569192171606924
background,0.011012560793699807
background,0.01455013866106525
background,0.011147216643965266
background,0.0070518643155867925
background,0.0055345087620290384
background,0.010568545143972725
background,0.017259307675252827
background,0.011658626201585767
background,0.008302545051082213
background,0.006017214717571147
background,0.012088987153220977
background,0.01769606426948958
background,0.007340314979043319
background,0.004500112641299408
background,0.006168670099912402
background,0.01928632643021753
background,0.014462906501425666
background,0.005374642023205708
background,0.015416938309765971
background,0.007283254463907079
background,0.018998378468593893
background,0.032029850232696895
background,0.005374662705790371
background,0.004847951939082986
background,0.005361107886929365
background,0.005997332314372192
background,0.013921131936912204
background,0.01143487859277977
background,0.008159735668076082
background,0.008011239555413899
background,0.005626176587140826
background,0.007814213911270863
background,0.008523943836721398
background,0.008058680032283862
background,0.006667444974731829
background,0.01042446780561917
background,0.025208866642685488
background,0.010540706157036851
background,0.011991601901552577
background,0.015165385234505363
background,0.00582887292634524
background,0.010606616142103861
background,0.005731531729609465
background,0.008949402276789064
background,0.008036791113809998
background,0.006490091577858793
background,0.019481473481224275
background,0.005950957447249394
background,0.03520681601933713
background,0.028604604139409844
background,0.013700300860221969
background,0.005706088529168926
background,0.009484127564345699
background,0.02128853522749367
background,0.030505937496310396
background,0.014239403490567125
background,0.012589283655358843
background,0.01077316523613495
background,0.002959715865273387
background,0.004581976026992638
background,0.0228844813747809
background,0.006949363560952071
background,0.005880396786321247
background,0.014627704680477959
background,0.00888032078524574
background,0.00839548423070432
background,0.006341877495004038
background,0.00603539231071379
background,0.01604624794202935
background,0.006199606839300055
background,0.012695059312797255
background,0.0059095950985537235
background,0.02884781315432409
background,0.014563087986724704
background,0.01380077469490733
background,0.025198662325725034
background,0.021079846682938306
background,0.00852469222054087
background,0.006299855944467766
background,0.006783312317150601
background,0.022381226773500056
background,0.033140842171086725
background,0.016517112269182874
background,0.006999120174114578
background,0.013008170061823688
background,0.01679110199209641
background,0.007342347038400062
background,0.0054423546380260625
background,0.010876313767320032
background,0.008117638485802789
background,0.016094847519940406
background,0.00836166711201002
background,0.020157070117418175
background,0.00859969450860752
background,0.013910529633850914
background,0.0090154615091972
background,0.006579439720467891
background,0.018591527600567283
background,0.007517042436469741
background,0.011171865543020285
background,0.0179862314264175
background,0.027609543599331605
background,0.00926857334681049
background,0.01367108594039174
background,0.004361885424688376
background,0.023377660961945067
background,0.01753760968083203
background,0.012186800738595517
background,0.010541271575426042
background,0.006447352005328296
background,0.026001345020833837
background,0.01146905646794176
background,0.018580044473442258
background,0.007936158119333871
background,0.02515469595525695
background,0.006775380563358016
background,0.02557352878717966
background,0.01448469079506466
background,0.014773700722108055
background,0.02132327056079685
background,0.01090680480744799
background,0.017171005889038513
background,0.006051398507010444
background,0.008001634631842993
background,0.01286399269828407
background,0.016804386042582994
background,0.016390070069787002
background,0.007699071329189995
background,0.010454140821049205
background,0.009267056390542403
background,0.007397372057407295
background,0.005320148341543541
background,0.01915015909071437
background,0.017211085050207582
background,0.0067044089299747025
background,0.00929631453419086
background,0.0297009100438445
background,0.016643599273005072
background,0.008327629163729004
background,0.023638702833716652
background,0.014382556215009633
background,0.010539837332223068
background,0.015925474657403335
background,0.019414113537279266
background,0.006876806648298871
background,0.014350634555417538
background,0.012679232562108676
background,0.01262503052463534
background,0.00920943155224565
background,0.011501529060045935
background,0.011414643924611804
background,0.024808060448435785
background,0.009785083491157457
background,0.008002113023033776
background,0.035047944248919986
background,0.008027564559696582
background,0.010699303409995567
background,0.019753239091700858
background,0.012712167079104397
background,0.010119930629079602
background,0.006205897674717974
background,0.007058890960466865
background,0.01591762647630784
background,0.03274577968509144
background,0.012260795157217907
background,0.005803946240335757
background,0.00813935861563863
background,0.011544456281714969
background,0.013397828169739164
background,0.012003179536840188
background,0.009817198278098684
background,0.018199826515745334
background,0.011231783644782938
background,0.005256238554710338
background,0.012769215091063553
background,0.0053000465506825925
background,0.007207859796293223
background,0.0064909187017587995
background,0.02311925371563025
background,0.010179816846898473
background,0.01638446266577447
background,0.012184944061670493
background,0.016233807721588847
background,0.013863560451517185
background,0.01227126102544061
background,0.022907816255353194
background,0.007280694657105372
background,0.009007421933182434
background,0.017759164692650542
background,0.007582371239446353
background,0.02101859415624961
background,0.008139079522528242
background,0.016573297906583382
background,0.006419499195511522
background,0.01436075365971468
background,0.012892237691062536
background,0.018203516079138136
background,0.010067753582554972
background,0.012873873930098576
background,0.024856797618757868
background,0.008767923023037253
background,0.0046763647823911784
background,0.006919676836256831
background,0.01085494042064474
background,0.013576912500795178
background,0.015377465118317751
background,0.02407717871139515
background,0.005232775088939456
background,0.01615900659480204
background,0.010541938084998698
background,0.006738905220144372
background,0.013226798710434886
background,0.009261704030997502
background,0.024478266008100363
background,0.011863931292488118
background,0.0140952690513456
background,0.015629553228890466
background,0.007243070745532913
background,0.006418239253382898
background,0.006343163771404626
background,0.011656851868760669
background,0.0041219100874472624
background,0.027089320947350504
background,0.007609978891547568
background,0.03215571948291653
background,0.018114776803808054
background,0.0180694279808342
background,0.0035074217019231357
background,0.01630889752295932
background,0.007942553610977945
background,0.005269485689424091
background,0.017909122251575715
background,0.009956892769538844
background,0.01174261909279514
background,0.007531008999497309
background,0.01900316502109505
background,0.007629461490391984
background,0.005346247464758732
background,0.010592656834850651
background,0.018318811737295583
background,0.012635227372530816
background,0.016495213778656776
background,0.006898571911780057
background,0.028886539069090316
background,0.01501438757164902
background,0.022623711931654696
background,0.00587137995358037
background,0.022344870666096812
background,0.026232726861188563
background,0.019310700168680424
background,0.013772760066878687
background,0.025337570647170533
background,0.013125588503976235
background,0.008103838036016605
background,0.01215578187304331
background,0.008494927334637845
background,0.0066530040468494945
background,0.005445013807855392
background,0.007595410976904419
background,0.022802488666613614
background,0.016973984163762668
background,0.025641387337893836
background,0.013836763558992325
background,0.007151931112368888
background,0.012376296555322115
background,0.01097956501166335
background,0.011880209307118892
background,0.02404937854172906
background,0.03719672726414774
background,0.0056982447799610245
background,0.011048947287772318
background,0.006759510011543508
background,0.019047098282329776
background,0.007824926004000038
background,0.03231111889110482
background,0.0068326691475943755
background,0.006695233343599775
background,0.01684718938959526
background,0.03442004518533639
background,0.02215556784947549
background,0.010088405620663989
background,0.0053924855066328865
background,0.025485146636473686
background,0.012787802299763503
background,0.015452092507864315
background,0.021616955150438377
background,0.006192225687147877
background,0.005048672460662846
background,0.014933724131703682
background,0.008479884044090252
background,0.005193613402170571
background,0.015484336021355813
background,0.006883878458749086
background,0.00918319933460747
background,0.017562328820631242
background,0.007332387513952744
background,0.00798303535089292
background,0.007075481490940359
background,0.007850258251675003
background,0.00634664993257469
background,0.009020379198783816
background,0.010010965853562526
background,0.008685580275134703
background,0.008446002188325598
background,0.006438493543749818
background,0.030746534055916586
background,0.01374275492839889
background,0.0117440241968976
background,0.016602906727519642
background,0.021220883170142663
background,0.017853494034015975
background,0.007465350418870378
background,0.01651193195937116
background,0.013309250224719325
background,0.007399027744549532
background,0.019221900480470643
background,0.006131280348133616
background,0.01373598605127813
background,0.014752745385282616
background,0.009543722800972007
background,0.007678678165610969
background,0.017292777606838436
background,0.012212213992956833
background,0.01290107430643454
background,0.025499829984898813
background,0.014546649793519151
background,0.01794103278772493
background,0.014812465157756893
background,0.004299853232646669
background,0.011791404652190574
background,0.007481400929850443
background,0.035491080286104336
background,0.0067961287360655325
background,0.013185692984076396
background,0.011335012854492892
background,0.011001628973720467
background,0.02040332089697174
background,0.010020310281133961
background,0.022078020680081165
background,0.011729664447502511
background,0.008399093670949306
background,0.007673910064988598
background,0.030600861303753082
background,0.01047468889314474
background,0.007853991575190884
background,0.008691988785332415
background,0.01738507184480176
background,0.006138337968265625
background,0.005395054713573441
background,0.005537488209152547
background,0.009857998592963326
background,0.008996643477440846
background,0.009409109113834592
background,0.027485424722487765
background,0.011783864369813086
background,0.035194470433836555
background,0.014330606203971885
background,0.009425239125925968
background,0.014212331280592013
background,0.01980351275811007
background,0.010677061284980556
background,0.005904839261485273
background,0.00820946284287888
background,0.007844543517086525
background,0.007465290222516585
background,0.009036188391178684
background,0.006942597113738858
background,0.02318991151456023
background,0.011500281600774591
background,0.007852026878859147
background,0.00736372239924048
background,0.008661218954162032
background,0.005929180314279763
background,0.008941584139237837
background,0.027280187990293966
background,0.008848447427701465
background,0.008521506439473905
background,0.006314494238473981
background,0.011960672713988426
background,0.005560460219913239
background,0.013279567716243026
background,0.00551431188174568
background,0.02734316074645224
background,0.011789831300889914
background,0.005849049486458253
background,0.007938477956846034
background,0.028693727928620696
background,0.015134743963040218
background,0.00868238302965094
background,0.030324978748736374
background,0.00989769744439434
background,0.014922317479756078
background,0.017236573112412633
background,0.014932626554042644
background,0.011939608455648077
background,0.004827434558366014
background,0.008207179254376668
background,0.01154537609425765
background,0.010376463318024286
background,0.017852251615167045
background,0.011212244939995779
background,0.012024567513082245
background,0.00735512346044231
background,0.0189440603277247
background,0.00803528684624974
background,0.012622383452439379
background,0.010180988863613436
background,0.006672177564093887
background,0.010506911819683289
background,0.011504001099359463
background,0.006103017210454543
background,0.006458197854748839
background,0.005889104464770858
background,0.006689744293154763
background,0.007136964432099128
background,0.0068843054729086865
background,0.010782477776816672
background,0.01108538182411703
background,0.008374193371456746
background,0.008424895143766759
background,0.011426486220012912
background,0.005321687561393539
background,0.005716764883642338
background,0.022945811914776078
background,0.005953170978182871
background,0.020122682027207725
background,0.015008768830989665
background,0.010648663149021924
background,0.015433537617550348
background,0.006132355279577669
background,0.00812233394163097
background,0.012220457189982964
background,0.007902358484121293
background,0.010174008222891003
background,0.005206715166170699
background,0.00551818152223063
background,0.0124193233130099
background,0.016620000674287778
background,0.01005019393824607
background,0.01802086924279571
background,0.012374749973270448
background,0.035199898165695714
background,0.03181199747475939
background,0.010638693013726826
background,0.01986558512120242
background,0.006147529492669688
background,0.009630021304767958
background,0.00558561103312093
background,0.00925425121215687
background,0.01297764458006548
background,0.02193976781541204
background,0.010050073277198743
background,0.006907950785855277
background,0.03552217604214569
background,0.016292546312506807
background,0.019106992952109342
background,0.03867983796720518
background,0.008597683245159457
background,0.016577180894513776
background,0.013266982685898885
background,0.006315533600399237
background,0.006077081607651953
background,0.013705688316859527
background,0.00976769656418546
background,0.013200145830470567
background,0.013253625872462168
background,0.007548224576475687
background,0.011476991656078312
background,0.007979009724911536
background,0.005801058125038083
background,0.0067240145793948615
background,0.009442024824216863
background,0.057961304182915924
background,0.007338516948143959
background,0.020058011004981686
background,0.005288896297725737
background,0.010827761406101383
background,0.01930013633211757
background,0.007161599692203804
background,0.025729391384012944
background,0.02672044312728362
background,0.019939735229426166
background,0.034091201392520885
background,0.018751887207100932
background,0.01729779085377722
background,0.005494588350209211
background,0.01642370054280355
background,0.00954938909422897
background,0.006567853624283968
background,0.009517444043095272
background,0.009463810598032373
background,0.015715564489481745
background,0.007865686960806874
background,0.00943312615597207
background,0.006603314027238494
background,0.009657520971780213
background,0.007298676807297772
background,0.02269161207609913
background,0.009827079039554406
background,0.012268711076181738
background,0.014969856722886334
background,0.016254984192714813
background,0.01718750750488341
background,0.012076838910366226
background,0.00927433269299666
background,0.00952109995514107
background,0.006799474225800766
background,0.006276285616276571
background,0.01015182190402971
background,0.01310138366194778
background,0.00904303639884935
background,0.00700569064597725
background,0.005839175390146226
background,0.01550868646849919
background,0.013799061312394388
background,0.0181276493822411
background,0.007480356349377583
background,0.006757856731104449
background,0.014531039139832653
background,0.009545189730120841
background,0.01023362043495359
background,0.014746379877666856
background,0.01948866008353389
background,0.009842900848010549
background,0.008408020128328373
background,0.03264848764777761
background,0.006228721612191686
background,0.015082862793052335
background,0.005157612655323273
background,0.00850491958075128
background,0.016918443818433163
background,0.00809288631643017
background,0.010618872011306952
background,0.012594373013349303
background,0.012197560570821641
background,0.00695263206438619
background,0.01835224941915189
background,0.009734144979624826
background,0.021274075877495396
background,0.006667343340973954
background,0.013434709456612933
background,0.010397827817379293
background,0.004465819747084263
background,0.01482014582285263
background,0.014315538734479936
background,0.006155373494486425
background,0.009348838798466706
background,0.03772960747396827
background,0.009274004041319247
background,0.01593395818933329
background,0.004690479095167633
background,0.030558102274276282
background,0.01229343950270038
background,0.013081608279173335
background,0.02013363511667434
background,0.02027962272341037
background,0.0060687509398997435
background,0.007512906232069046
background,0.02154902116534484
background,0.011576488136742526
background,0.008098166327872228
background,0.026656117015867467
background,0.005858709694317195
background,0.008352492318221353
background,0.011312274943033766
background,0.008046135755298056
background,0.008833130527325995
background,0.010312411271365715
background,0.008938686071795912
background,0.0207883980063454
background,0.016369923979202807
background,0.016498123657521218
background,0.03036352769699642
background,0.006794591249886991
background,0.00817783087719973
background,0.0113531178848755
background,0.009522698416605973
background,0.007978339331680044
background,0.014460831241554133
background,0.00552632490398953
background,0.02308281767179749
background,0.007209040702806851
background,0.011118852471966622
background,0.018682411780366275
background,0.02203821581167906
background,0.018531712247093823
background,0.023361875776650175
background,0.011484276454754791
background,0.006877355240652425
background,0.023163221091444385
background,0.008527750214697939
background,0.005370272400108512
background,0.01073795469699218
background,0.012956093081001204
background,0.014830956084913204
background,0.012704928632262956
background,0.009923629726106
background,0.006199033031203921
background,0.009331096882514942
background,0.00573656765220379
background,0.011099486139817587
background,0.01008128298035069
background,0.008151187353773261
background,0.007040783798327282
background,0.02362766481681198
background,0.0052587098485843715
background,0.012229311333565402
background,0.014554499652292656
background,0.011699281395838543
background,0.009171134094895674
background,0.019369563819853233
background,0.023823194986118665
background,0.009590247478266086
background,0.008320718259142663
background,0.006842151807114946
background,0.012435053186128517
background,0.005602145750849927
background,0.02575347315132755
background,0.016483916036575473
background,0.019648126004839183
background,0.015126941973182938
background,0.008841865869533267
background,0.02153927117152103
background,0.00628562939071222
background,0.016424455886162845
background,0.016159154374211074
background,0.010321641519209097
background,0.020891557622018404
background,0.018954091272149524
background,0.021364659854284946
background,0.01554971959904527
background,0.030379139761676964
background,0.020542769780047557
background,0.009196899805044307
background,0.016715125587460654
background,0.014370276939881335
background,0.009169034841598976
background,0.009108047350238277
background,0.005672295287052243
background,0.007490907604031398
background,0.014418783667440756
background,0.0071269073369877416
background,0.009653665362722368
background,0.01180652425382275
background,0.022988003235301292
background,0.010096522987064023
background,0.014153960923250967
background,0.010652680981127894
background,0.009796966203696994
background,0.012182109457564292
background,0.00548319745473918
background,0.02239058097476615
background,0.0040275954846017105
background,0.013608988460174713
background,0.007441165187499904
background,0.02409067425918789
background,0.02514507853484385
background,0.009211926033998799
background,0.016291585892532667
background,0.008271828116571605
background,0.008243059638399271
background,0.017858577950965866
background,0.009613406433589733
background,0.007113868635880229
background,0.009398106883849308
background,0.025236008960179565
background,0.008098785816680318
background,0.015735496895451496
background,0.013541383763560438
background,0.004829851138187996
background,0.00982410904204645
background,0.005994883950732329
background,0.01136678255758702
background,0.02569887715376523
background,0.006822167037206268
background,0.008059228328767726
background,0.016095449043610512
background,0.007074273104594535
background,0.011273560095466746
background,0.017469081048206703
background,0.008061955518986393
background,0.014422986010782842
background,0.020918895914377122
background,0.005407030156922501
background,0.010816696475109267
background,0.009552299118130523
background,0.010595727308591762
background,0.009336789495498123
background,0.007479480115078973
background,0.005964933354240445
background,0.005402212966926564
background,0.007886305771400258
background,0.011082715329044264
background,0.005544558594393975
background,0.006941568568614466
background,0.03273991616358433
background,0.015269004551851212
background,0.013801723134111508
background,0.00600499178335662
background,0.006679969305927754
background,0.0032825760391431776
background,0.015936249455892677
background,0.00991556154868955
background,0.016922986879046534
background,0.00572260930749543
background,0.009450033868401625
background,0.015647749568276748
background,0.007660171512094419
background,0.00931013731141648
background,0.010682585187249885
background,0.00640847037236483
background,0.023552461396827044
background,0.0054447778426449595
background,0.005200732170278244
background,0.006780121437007385
background,0.00801281192145195
background,0.013820658289176946
background,0.030377271359119322
background,0.007574174478681525
background,0.010333263363317009
background,0.01009594808575992
background,0.014020680869677588
background,0.004625660293760032
background,0.011194518215359783
background,0.016971728890509227
background,0.021445215515729567
background,0.010337859148711308
background,0.007023889047394459
background,0.01014023331078203
background,0.009502818364943119
background,0.006571348641774411
background,0.022180253096709148
background,0.031874817012641436
background,0.015316955220524066
background,0.012355234255849343
background,0.014940801375083107
background,0.03322265967936497
background,0.011836942319809564
background,0.005191878391934474
background,0.0298322665453352
background,0.007557788643397568
background,0.014794878392527504
background,0.00985630308101573
background,0.01115085441929037
background,0.0067192515279547935
background,0.033910600799182365
background,0.012938130974663507
background,0.0065351208547486835
background,0.008598118870049446
background,0.01542289130492549
background,0.010312580392302302
background,0.013447915879547984
background,0.020421994865268217
background,0.012223831484289174
background,0.01359308814037008
background,0.02972180118297127
background,0.006405662577066831
background,0.020881951720247396
background,0.009496155651847754
background,0.01225907512614785
background,0.008414708580455798
background,0.021500894897517095
background,0.012630458400564582
background,0.013178352672943124
background,0.021478999497638908
background,0.00531963351891778
background,0.008223065071149102
background,0.011385684188423761
background,0.006583600352213213
background,0.009541396126152285
background,0.013455725376103136
background,0.006913913193777454
background,0.018202940085468265
background,0.015802997175273413
background,0.017390595399243106
background,0.006947018167097999
background,0.014595753069225347
background,0.010721968919984172
background,0.008003252648215003
background,0.021220413899273375
background,0.018190938227557695
background,0.009836456380224652
background,0.006977684295068936
background,0.014144370564578637
background,0.004976314791650187
background,0.007760862561471665
background,0.007472096920434081
background,0.009693766129752118
background,0.014488989548351199
background,0.010648220288989305
background,0.012949045587722465
background,0.011344030053385027
background,0.014708616208779097
background,0.031241230001022555
background,0.0067543448772297105
background,0.010966925010849674
background,0.012715624092474408
background,0.02251291309523203
background,0.006603099457507348
background,0.0170806812887863
background,0.010902894431066163
background,0.004068283480743994
background,0.018950960018866904
background,0.020539162599574487
background,0.013987858795532413
background,0.009092587863181274
background,0.00953498871722788
background,0.014069795715207311
background,0.008282581773826639
background,0.010561810176168099
background,0.0072963866273747105
background,0.01099658904275794
background,0.01451924631596849
background,0.008035306136090168
background,0.009355172162508796
background,0.003764657406089934
background,0.02491608414613138
background,0.006136443570746242
background,0.009842608754714259
background,0.006334582178121364
background,0.008166182282800518
background,0.015415404871321751
background,0.005642525846789091
background,0.009726723416626061
background,0.0191616489807299
background,0.018279839343781
background,0.015413733243925252
background,0.00510460647454421
background,0.0240221576521194
background,0.01721682024850435
background,0.013193646698699624
background,0.020773916347112942
background,0.019388517439522687
background,0.00511707128336997
background,0.010660185662268581
background,0.011573139037111792
background,0.01954832006961975
background,0.009701573528444179
background,0.007523891936094608
background,0.008861622739485564
background,0.008622734376851491
background,0.017532592730691885
background,0.01062544077920246
background,0.008778187438040454
background,0.029024480579922275
background,0.013399156803011032
background,0.006533072262577435
background,0.012856280742163391
background,0.010154736861772838
background,0.008454778679756633
background,0.009444724716849685
background,0.008477375863874259
background,0.012797010961523567
background,0.005796858044637926
background,0.024444222359953145
background,0.011495590421917981
background,0.004963998158714517
background,0.027362161702537226
background,0.006082720019096475
background,0.011733713215817168
background,0.01059074017761195
background,0.007748402572855557
background,0.023970554618219887
background,0.012288496359831258
background,0.014413653650592499
background,0.023675741784497308
background,0.008179011700315111
background,0.020784786411061375
background,0.01522997904210903
background,0.027608739901235732
background,0.01368741839390693
background,0.015076387238069512
background,0.014980270844546662
background,0.028452132140111906
background,0.013681898270229101
background,0.01139452059510352
background,0.020276608078545342
background,0.029920843021904356
background,0.006249440192528843
background,0.01528297228477575
background,0.005423912038718571
background,0.012812547047851059
background,0.01471354890863268
background,0.017944213795921732
background,0.014057526654132605
background,0.035483561667110156
background,0.015407932495002689
background,0.008943801325339267
background,0.011886542522979061
background,0.011641775125484734
background,0.00943696877298688
background,0.005383724449931197
background,0.017684440591778768
background,0.03851597245372694
background,0.013947165327797086
background,0.0065257628841656505
background,0.015596716839805931
background,0.012528287388627816
background,0.02972599783300319
background,0.028043813116390762
background,0.020478090889015137
background,0.013467851396816985
background,0.016136776527023913
background,0.010556668411022888
background,0.01065134099163218
background,0.023589374488146398
background,0.00934675924150331
background,0.007015421342080884
background,0.00906142315065366
background,0.010303150616266504
background,0.0067591800012509655
background,0.014878506464768551
background,0.03849907847225247
background,0.00950505335899328
background,0.012233305116349784
background,0.0059336596821288
background,0.008676254071797786
background,0.0057270664464848945
background,0.017266946105540967
background,0.013920243471047701
background,0.01731157931274213
background,0.009536121665318751
background,0.01666111728364685
background,0.005793815956437829
background,0.008469313431974898
background,0.004395503935850917
background,0.023880563273477238
background,0.00589448577445607
background,0.007285843227791225
background,0.020572616363754556
background,0.007480639382890042
background,0.008837818556326791
background,0.00906931505145784
background,0.005623763753274632
background,0.006486370123265056
background,0.009196634785609909
background,0.009419686904880754
background,0.004810939563812717
background,0.008649578020784242
background,0.007656931589412521
background,0.005860988173435313
background,0.023689333216091138
background,0.012376441500922422
background,0.030724230176315058
background,0.00819884322560502
background,0.02100183413452491
background,0.016119051196655108
background,0.0066960817343906815
background,0.017505354994365924
background,0.012996398364128277
background,0.010684690393193828
background,0.006328740029586613
background,0.01315725400301127
background,0.005630892852991149
background,0.018445234678794855
background,0.0067173051455980725
background,0.00605323994412489
background,0.012358720967611815
background,0.008410495289957689
background,0.00907812773138133
background,0.028848259857565527
background,0.02469289144532449
background,0.013795924556085238
background,0.015516925908105115
background,0.01673347649232655
quercetin_subset,0.02685259643438262
quercetin_subset,0.03497686420902989
quercetin_subset,0.03369225470207544
quercetin_subset,0.026955652642921244
quercetin_subset,0.033280616794330184
quercetin_subset,0.01686463703335062
quercetin_subset,0.037970605459815086
quercetin_subset,0.025163479999129112
quercetin_subset,0.03147741434653829
quercetin_subset,0.034912527843919114
quercetin_subset,0.024096474693498675
quercetin_subset,0.027659983474929453
quercetin_subset,0.03324780431080013
quercetin_subset,0.034844748486341705
quercetin_subset,0.04523883092478959
quercetin_subset,0.018823725503488327
quercetin_subset,0.03273410185302457
quercetin_subset,0.026652716612350046
quercetin_subset,0.036512334355913806
quercetin_subset,0.03459704965969479
quercetin_subset,0.022930224765045193
quercetin_subset,0.024420957305532228
quercetin_subset,0.02553992019956504
quercetin_subset,0.018372239507774744
quercetin_subset,0.024725298880732622
quercetin_subset,0.027600214420132472
quercetin_subset,0.042614745059727996
quercetin_subset,0.01909498889031564
quercetin_subset,0.03455922915572825
quercetin_subset,0.027010396620408387
quercetin_subset,0.036010831706724714
quercetin_subset,0.03376715486084477
quercetin_subset,0.030419988117594682
quercetin_subset,0.04875953975878064
quercetin_subset,0.026503101412842744
quercetin_subset,0.02306088728061729
quercetin_subset,0.030547169230745543
quercetin_subset,0.03968756397152743
quercetin_subset,0.044067392150911586
quercetin_subset,0.03814314116136349
quercetin_subset,0.042631930820084284
quercetin_subset,0.021795484245285702
quercetin_subset,0.03235316017221167
quercetin_subset,0.027927592902170815
quercetin_subset,0.03011265692009495
quercetin_subset,0.016941162138668777
quercetin_subset,0.035581397199991
quercetin_subset,0.01880676756589992
quercetin_subset,0.028626091259221123
quercetin_subset,0.03765769723121202
quercetin_subset,0.03436200851411655
quercetin_subset,0.023001738535281122
quercetin_subset,0.053065733670874755
quercetin_subset,0.03526872644993381
quercetin_subset,0.03463800860983969
quercetin_subset,0.026914243080377532
quercetin_subset,0.017126624656308282
quercetin_subset,0.02507745396207426
quercetin_subset,0.02662709867844175
quercetin_subset,0.02187083624889049
quercetin_subset,0.03025920077658576
quercetin_subset,0.04219505326177186
quercetin_subset,0.039946789037461766
quercetin_subset,0.021428192810316153
quercetin_subset,0.041070053912963395
quercetin_subset,0.03725454960625942
quercetin_subset,0.021833184397286293
quercetin_subset,0.02596659036282913
quercetin_subset,0.03258063588922921
quercetin_subset,0.03317960746648403
quercetin_subset,0.03577790621990211
quercetin_subset,0.026844801462276736
quercetin_subset,0.026637170780568393
quercetin_subset,0.024294404824935962
quercetin_subset,0.024428445022959953
quercetin_subset,0.018203883226637057
quercetin_subset,0.017224778850628873
quercetin_subset,0.027340975207560708
quercetin_subset,0.03903057017229117
quercetin_subset,0.016900393913785457
quercetin_subset,0.03333310466661039
quercetin_subset,0.028237243032846953
quercetin_subset,0.0183884942765145
quercetin_subset,0.03365270235312485
quercetin_subset,0.02288718533333405
quercetin_subset,0.03660388150280231
quercetin_subset,0.034912110102634536
quercetin_subset,0.023851611993158477
quercetin_subset,0.032157674242663976
quercetin_subset,0.025519061728182788
quercetin_subset,0.05193124513340968
quercetin_subset,0.029444299787428314
quercetin_subset,0.027703297911107504
quercetin_subset,0.04406899568947979
quercetin_subset,0.02110590385291877
quercetin_subset,0.02159570609905802
quercetin_subset,0.02016763927140777
quercetin_subset,0.03595823331821451
quercetin_subset,0.027810125194579878
quercetin_subset,0.03859039481155664
quercetin_subset,0.03734917407244292
quercetin_subset,0.03556133928973223
quercetin_subset,0.039978523780977646
quercetin_subset,0.026632415096751547
quercetin_subset,0.028857645262338624
quercetin_subset,0.023704224079372095
quercetin_subset,0.03089548435314136
quercetin_subset,0.01588642032974912
quercetin_subset,0.0340376891439777
quercetin_subset,0.03996704314276392
quercetin_subset,0.03411898583499607
quercetin_subset,0.01705683535273157
quercetin_subset,0.03525420456830991
quercetin_subset,0.030991163199536497
quercetin_subset,0.011553010498366826
quercetin_subset,0.028504061595082574
quercetin_subset,0.026990852544308087
quercetin_subset,0.01980810813263997
quercetin_subset,0.05676681392012114
quercetin_subset,0.023959106211421197
quercetin_subset,0.022219325634282173
quercetin_subset,0.024545933513524142
quercetin_subset,0.017016317334228263
quercetin_subset,0.03284463473811503
quercetin_subset,0.024961676218529023
quercetin_subset,0.035797919464860335
quercetin_subset,0.02356581329565794
quercetin_subset,0.027083574711362888
quercetin_subset,0.034321329749352966
quercetin_subset,0.029044109151904137
quercetin_subset,0.040558842879291464
quercetin_subset,0.030139231345706213
quercetin_subset,0.027296819162752887
quercetin_subset,0.01896229563944913
quercetin_subset,0.048602883825020225
quercetin_subset,0.0344401552576034
quercetin_subset,0.03768197909222073
quercetin_subset,0.02983616513912526
quercetin_subset,0.026408108700478983
quercetin_subset,0.030599197005929897
quercetin_subset,0.028361117410605752
quercetin_subset,0.025186552695439447
quercetin_subset,0.026870401643635303
quercetin_subset,0.03484138493786
quercetin_subset,0.03246181196971934
quercetin_subset,0.02923870637899493
quercetin_subset,0.034308149494815726
quercetin_subset,0.029008942328898217
quercetin_subset,0.026016929514158574
quercetin_subset,0.02891270912906039
quercetin_subset,0.02611829116441985
quercetin_subset,0.02982428243675715
quercetin_subset,0.025262887535281105
quercetin_subset,0.036127568831146754
quercetin_subset,0.030404787587113874
quercetin_subset,0.0188290647304624
quercetin_subset,0.029527156552520896
quercetin_subset,0.03544906714018677
quercetin_subset,0.03041765690014591
quercetin_subset,0.02878797133155559
quercetin_subset,0.035189995991300835
quercetin_subset,0.02547584640541261
quercetin_subset,0.02849093878357972
quercetin_subset,0.041871623712351154
quercetin_subset,0.01849686109297805
quercetin_subset,0.026633380823887158
quercetin_subset,0.042016939060922444
quercetin_subset,0.032824570102487086
quercetin_subset,0.027908755000232297
quercetin_subset,0.030483227610903992
quercetin_subset,0.021060935889608175
quercetin_subset,0.03888042555357194
quercetin_subset,0.035386046127240736
quercetin_subset,0.036656940691193324
quercetin_subset,0.030308283472068893
quercetin_subset,0.019511896949527232
quercetin_subset,0.041267212182138524
quercetin_subset,0.0298262408886106
quercetin_subset,0.01816851279252336
quercetin_subset,0.018990755296199376
quercetin_subset,0.0290306705554807
quercetin_subset,0.02106352816777334
quercetin_subset,0.02516252138978654
quercetin_subset,0.03203403021287013
quercetin_subset,0.043139152262570694
quercetin_subset,0.03496431088870352
quercetin_subset,0.015594920926384337
quercetin_subset,0.04293510546548243
quercetin_subset,0.01697908681171137
quercetin_subset,0.01606239895477306
quercetin_subset,0.036378793771468486
quercetin_subset,0.04073363500439636
quercetin_subset,0.036330850080747365
quercetin_subset,0.04530773575183099
quercetin_subset,0.04576411971838337
quercetin_subset,0.018186705475961573
quercetin_subset,0.029574055089134618
quercetin_subset,0.03240776975157393
quercetin_subset,0.03840173230254302
quercetin_subset,0.03055537261692535
quercetin_subset,0.03619482378460667
quercetin_subset,0.028288272989372722
quercetin_subset,0.029181370523560853
quercetin_subset,0.025347193851570318
quercetin_subset,0.040498046688199514
quercetin_subset,0.025820044549581977
quercetin_subset,0.03193635018174578
quercetin_subset,0.033153669419005466
quercetin_subset,0.03134066321075077
quercetin_subset,0.034593585944221954
quercetin_subset,0.01832971571279496
quercetin_subset,0.03866671087670564
quercetin_subset,0.03870281846892931
quercetin_subset,0.04945276698225893
quercetin_subset,0.02336981865754915
quercetin_subset,0.02623458692052384
quercetin_subset,0.04659616981423553
quercetin_subset,0.028785811592743942
quercetin_subset,0.03379123123213648
quercetin_subset,0.039505604063612434
quercetin_subset,0.019622477634166562
quercetin_subset,0.014907159300309218
quercetin_subset,0.038041517633235926
quercetin_subset,0.022469906978467364
quercetin_subset,0.017693049415203922
quercetin_subset,0.026725961062521286
quercetin_subset,0.02486476125173154
quercetin_subset,0.029014935822451685
quercetin_subset,0.03455919557552225
quercetin_subset,0.027741441328801478
quercetin_subset,0.03639932362577462
quercetin_subset,0.028144987711758888
quercetin_subset,0.03952531861635164
quercetin_subset,0.03243028012658266
quercetin_subset,0.025633185031985216
quercetin_subset,0.0262035392055377
quercetin_subset,0.03766970250420498
quercetin_subset,0.014489957271213568
quercetin_subset,0.02754534048383487
quercetin_subset,0.022733354448813373
quercetin_subset,0.042390878439392765
quercetin_subset,0.03722931173340183
quercetin_subset,0.020208998649228847
quercetin_subset,0.03223246267043149
quercetin_subset,0.024573655481722106
quercetin_subset,0.044778628927661705
quercetin_subset,0.025741668571022114
quercetin_subset,0.016101481667727294
quercetin_subset,0.031134815729616478
quercetin_subset,0.028268856120475264
quercetin_subset,0.017089343923542177
quercetin_subset,0.03431637487449234
quercetin_subset,0.040315099887980405
quercetin_subset,0.032554918008821404
quercetin_subset,0.03602721754779003
quercetin_subset,0.026067254834466022
quercetin_subset,0.04024244555100411
quercetin_subset,0.026669859970772116
quercetin_subset,0.02138090502043613
quercetin_subset,0.03571937105684766
quercetin_subset,0.03532649565849533
quercetin_subset,0.03585550074075048
quercetin_subset,0.031070684840290103
quercetin_subset,0.028361258633757047
quercetin_subset,0.02929190820307204
quercetin_subset,0.041062752433688836
quercetin_subset,0.026502235007967997
quercetin_subset,0.03514482875232616
quercetin_subset,0.04597004170214846
quercetin_subset,0.021257055755532234
quercetin_subset,0.01968305369310363
quercetin_subset,0.023926884583567953
quercetin_subset,0.04388957652386505
quercetin_subset,0.03870578641490327
quercetin_subset,0.016060444098024703
quercetin_subset,0.025342224837445446
quercetin_subset,0.03184814563480377
quercetin_subset,0.026534516103231938
quercetin_subset,0.022058284285701283
quercetin_subset,0.04056354668292064
quercetin_subset,0.028823103054021533
quercetin_subset,0.0415340336450838
quercetin_subset,0.03526257231910529
quercetin_subset,0.03284735820556315
quercetin_subset,0.024708553039915877
quercetin_subset,0.034545169325476556
quercetin_subset,0.03617893399533116
quercetin_subset,0.02532732680363259
quercetin_subset,0.036319398621021515
quercetin_subset,0.03559581744140157
quercetin_subset,0.01943207887110842
quercetin_subset,0.036509378337408395
quercetin_subset,0.03018551534851235
quercetin_subset,0.03738442683332466
quercetin_subset,0.016722361306547057
quercetin_subset,0.03249827512161508
quercetin_subset,0.03728797096805005
quercetin_subset,0.02387650655266675
quercetin_subset,0.03906827439585919
quercetin_subset,0.04153508116103664
quercetin_subset,0.020376870489962836
quercetin_subset,0.05771463126385847
quercetin_subset,0.023395952789165935
quercetin_subset,0.04484249028465831
quercetin_subset,0.0228702296147704
quercetin_subset,0.03473830334520393
quercetin_subset,0.04037796005708519
quercetin_subset,0.020564941092431198
quercetin_subset,0.029231053977400088
quercetin_subset,0.036618120396539985
quercetin_subset,0.04781991962339213
quercetin_subset,0.03609732197771912
quercetin_subset,0.036160073352214474
quercetin_subset,0.028620015284664214
quercetin_subset,0.02970818049361957
quercetin_subset,0.02520653805457633
quercetin_subset,0.034152649122918426
quercetin_subset,0.027499223442534786
quercetin_subset,0.04569894516068913
quercetin_subset,0.03583806821539619
quercetin_subset,0.02421028178191267
quercetin_subset,0.0253877909082376
quercetin_subset,0.02703517701894871
quercetin_subset,0.02728177890683009
quercetin_subset,0.02577836005392224
quercetin_subset,0.04312255467179729
quercetin_subset,0.02888319726293249
quercetin_subset,0.04258777500957885
quercetin_subset,0.021392023880874144
quercetin_subset,0.025201867299149645
quercetin_subset,0.028334766593877573
quercetin_subset,0.026063297327968183
quercetin_subset,0.02951625286261502
quercetin_subset,0.024283492674976204
quercetin_subset,0.023223695151890822
quercetin_subset,0.029795373200622133
quercetin_subset,0.025923584709609378
quercetin_subset,0.02889767496243588
quercetin_subset,0.02925903531991232
quercetin_subset,0.018140895784303095
quercetin_subset,0.040257659732870855
quercetin_subset,0.025641032487326493
quercetin_subset,0.04128306108436915
quercetin_subset,0.034987245480842984
quercetin_subset,0.031881967818010996
quercetin_subset,0.023001967835170518
quercetin_subset,0.033329196317975776
quercetin_subset,0.016571797918820547
quercetin_subset,0.025440676877635657
quercetin_subset,0.02826245935730666
quercetin_subset,0.027726452849035903
quercetin_subset,0.032495490351769116
quercetin_subset,0.026354595388183865
quercetin_subset,0.020970142353964535
quercetin_subset,0.02565982952245289
quercetin_subset,0.03536235782214894
quercetin_subset,0.03053187803724225
quercetin_subset,0.013455683429959583
quercetin_subset,0.02799216198950533
quercetin_subset,0.03493384006364674
quercetin_subset,0.040835562538630334
quercetin_subset,0.02359928004241697
quercetin_subset,0.028873467494275235
quercetin_subset,0.019089816533334664
quercetin_subset,0.009225520173445686
quercetin_subset,0.026826513537767965
quercetin_subset,0.030745594436152834
quercetin_subset,0.025477060475876598
quercetin_subset,0.04105768941089331
quercetin_subset,0.029477064035604045
quercetin_subset,0.023873132750428544
quercetin_subset,0.04842726865251531
quercetin_subset,0.02878583494558495
quercetin_subset,0.04643841230016436
quercetin_subset,0.02408569398676394
quercetin_subset,0.030359010858257384
quercetin_subset,0.041302359547277484
quercetin_subset,0.038419535910656215
quercetin_subset,0.017233027526685322
quercetin_subset,0.018286551146444077
quercetin_subset,0.03387048747479324
quercetin_subset,0.024827634850365817
quercetin_subset,0.04045925151060221
quercetin_subset,0.025936733122117403
quercetin_subset,0.030570511878010954
quercetin_subset,0.02999641489575946
quercetin_subset,0.022191389194791408
quercetin_subset,0.016041999188144012
quercetin_subset,0.034728256575797437
quercetin_subset,0.02365038085775172
quercetin_subset,0.027320681015253763
quercetin_subset,0.02646442020201046
quercetin_subset,0.022913261152266294
quercetin_subset,0.03446711488098477
quercetin_subset,0.02385846066292608
quercetin_subset,0.02573992660439572
quercetin_subset,0.023964561295121794
quercetin_subset,0.02693939886867733
quercetin_subset,0.025654530811010236
quercetin_subset,0.029660830852174098
quercetin_subset,0.0343065275499673
quercetin_subset,0.020872334893125545
quercetin_subset,0.03972419719153933
quercetin_subset,0.033621223714238445
quercetin_subset,0.03293152689193324
quercetin_subset,0.033323085680269
quercetin_subset,0.03207456575994481
quercetin_subset,0.035124824170505956
quercetin_subset,0.023672031241963955
quercetin_subset,0.024085747940796147
quercetin_subset,0.03465682137693031
quercetin_subset,0.020083596096122033
quercetin_subset,0.04491890508533179
quercetin_subset,0.02611689757631063
quercetin_subset,0.014214563091397204
quercetin_subset,0.02369520316232374
quercetin_subset,0.02688637454009403
quercetin_subset,0.028733397413666026
quercetin_subset,0.025549531824631395
quercetin_subset,0.030593922171489787
quercetin_subset,0.022169441647057402
quercetin_subset,0.04798788987528926
quercetin_subset,0.03945007721415714
quercetin_subset,0.02692665271822775
quercetin_subset,0.03763087844537944
quercetin_subset,0.018326162516008552
quercetin_subset,0.028767698354084766
quercetin_subset,0.03497557616462882
quercetin_subset,0.03312322495844301
quercetin_subset,0.050844650278107084
quercetin_subset,0.028888904983044195
quercetin_subset,0.02630175655388777
quercetin_subset,0.017756254532880357
quercetin_subset,0.02756124306637001
quercetin_subset,0.031740177398102115
quercetin_subset,0.02867785180701176
quercetin_subset,0.02866341529470438
quercetin_subset,0.031210039914583945
quercetin_subset,0.04268047194339325
quercetin_subset,0.02415124431043322
quercetin_subset,0.039667895089830395
quercetin_subset,0.03160019734060053
quercetin_subset,0.0314818892784725
quercetin_subset,0.035420625339362216
quercetin_subset,0.027721461434577
quercetin_subset,0.03506114441685411
quercetin_subset,0.03852856774990246
quercetin_subset,0.01605292001896337
quercetin_subset,0.02339421042193647
quercetin_subset,0.035049018004871306
quercetin_subset,0.02098076815008578
quercetin_subset,0.024136183130977228
quercetin_subset,0.04650635013688739
quercetin_subset,0.03972844086166352
quercetin_subset,0.020838497035583135
quercetin_subset,0.02556739058811232
quercetin_subset,0.012667501622578908
quercetin_subset,0.0295574565302999
quercetin_subset,0.024233023261060083
quercetin_subset,0.017641311506719742
quercetin_subset,0.03895961357709411
quercetin_subset,0.03581916373345629
quercetin_subset,0.03484351866940402
quercetin_subset,0.025357079123414564
quercetin_subset,0.028954686662892935
quercetin_subset,0.020643924779886143
quercetin_subset,0.03114084355246277
quercetin_subset,0.015314075213133618
quercetin_subset,0.020840654635623884
quercetin_subset,0.022553066781726697
quercetin_subset,0.03069439375448226
quercetin_subset,0.02904073972907617
quercetin_subset,0.037686815273647006
quercetin_subset,0.022097782226421194
quercetin_subset,0.03503942915536349
quercetin_subset,0.023515992117548012
quercetin_subset,0.026239533774501694
quercetin_subset,0.021437913166341027
quercetin_subset,0.04084179161493484
quercetin_subset,0.03435513970682067
quercetin_subset,0.026107485122551816
quercetin_subset,0.03670553540514465
quercetin_subset,0.028422016820134614
quercetin_subset,0.025194198354890982
quercetin_subset,0.03503606794694114
quercetin_subset,0.045132590107980756
quercetin_subset,0.03534563875830724
quercetin_subset,0.038558729042446685
quercetin_subset,0.040812199240803405
quercetin_subset,0.030656970816899526
quercetin_subset,0.03845796013388017
quercetin_subset,0.03728904100929167
quercetin_subset,0.033370263186118826
quercetin_subset,0.02710343117838888
quercetin_subset,0.049718778431907085
quercetin_subset,0.02506436341941848
quercetin_subset,0.03720927825225743
quercetin_subset,0.015140828264777233
quercetin_subset,0.030225331451111514
quercetin_subset,0.023800409123736856
quercetin_subset,0.02200334712679404
quercetin_subset,0.023252630242564215
quercetin_subset,0.02777260869721693
quercetin_subset,0.030788607225753693
quercetin_subset,0.033145900509793186
quercetin_subset,0.034967116034823956
quercetin_subset,0.050518510124695624
quercetin_subset,0.027332269816959416
quercetin_subset,0.03560101339782453
quercetin_subset,0.02751626341691518
quercetin_subset,0.03217584006030898
quercetin_subset,0.023684893296087257
quercetin_subset,0.029082229451430974
quercetin_subset,0.024309614269205315
quercetin_subset,0.036574160503535506
quercetin_subset,0.034954688126625534
quercetin_subset,0.023941341774538542
quercetin_subset,0.031750349060274845
quercetin_subset,0.02352260419465811
quercetin_subset,0.01754085736841614
quercetin_subset,0.020379468231075698
quercetin_subset,0.02480197177792175
quercetin_subset,0.031376601639171935
quercetin_subset,0.01998302868916868
quercetin_subset,0.02202648629887939
quercetin_subset,0.015875122492064766
quercetin_subset,0.02732876038088599
quercetin_subset,0.024273495950048147
quercetin_subset,0.020979540489193038
quercetin_subset,0.052912904690799914
quercetin_subset,0.019886907072687046
quercetin_subset,0.02807649998753626
quercetin_subset,0.02649078186624942
quercetin_subset,0.03255482020194033
quercetin_subset,0.0405471061521055
quercetin_subset,0.028962074353314125
quercetin_subset,0.0380626596094399
quercetin_subset,0.012487008570233146
quercetin_subset,0.023228589592598374
quercetin_subset,0.027375027367446573
quercetin_subset,0.028375474997861288
quercetin_subset,0.031428789615482136
quercetin_subset,0.023866204030713448
quercetin_subset,0.03138661773230329
quercetin_subset,0.030673163496608393
quercetin_subset,0.037552995206388
quercetin_subset,0.03037661173949947
quercetin_subset,0.03819614771425608
quercetin_subset,0.03188249738397889
quercetin_subset,0.02643268120971557
quercetin_subset,0.02956064565004702
quercetin_subset,0.038950049880910366
quercetin_subset,0.031651669459563755
quercetin_subset,0.032721123905142854
quercetin_subset,0.012528430134697099
quercetin_subset,0.02590661496669433
quercetin_subset,0.034972698701149975
quercetin_subset,0.033903227166593185
quercetin_subset,0.03187181328656459
quercetin_subset,0.02352624741023309
quercetin_subset,0.02393117883629767
quercetin_subset,0.04608179167401544
quercetin_subset,0.017998583908618877
quercetin_subset,0.030937335256608866
quercetin_subset,0.019793447277226844
quercetin_subset,0.022046146148863754
quercetin_subset,0.022521563243767844
quercetin_subset,0.03197656016160165
quercetin_subset,0.032624779656020335
quercetin_subset,0.03462219124652288
quercetin_subset,0.03621993973527164
quercetin_subset,0.025003686675108647
quercetin_subset,0.01923844343851327
quercetin_subset,0.023324881266359978
quercetin_subset,0.03559470053044298
quercetin_subset,0.027138255254784065
quercetin_subset,0.0229877669919285
quercetin_subset,0.015158698034277196
quercetin_subset,0.02157790051199606
quercetin_subset,0.037760918964116756
quercetin_subset,0.032840739418341
quercetin_subset,0.03470167672371994
quercetin_subset,0.014672124431143217
quercetin_subset,0.02102986122248294
quercetin_subset,0.026621531786746803
quercetin_subset,0.03650359388121614
quercetin_subset,0.02227681938338724
quercetin_subset,0.020730470647064955
quercetin_subset,0.03912664996878996
quercetin_subset,0.038552100981665546
quercetin_subset,0.03900351113506176
quercetin_subset,0.028550054776860442
quercetin_subset,0.01659233841690334
quercetin_subset,0.03858103617709438
quercetin_subset,0.017911586840895093
quercetin_subset,0.03520024710397961
quercetin_subset,0.02550058945320697
quercetin_subset,0.025858746152370167
quercetin_subset,0.03998249167723719
quercetin_subset,0.030480498605371383
quercetin_subset,0.027767786077045973
quercetin_subset,0.034940963879947905
quercetin_subset,0.03293783604240313
quercetin_subset,0.015984609700524708
quercetin_subset,0.027434459226189475
quercetin_subset,0.045992580683770795
quercetin_subset,0.02603385472241455
quercetin_subset,0.04145780446852588
quercetin_subset,0.03214858699892043
quercetin_subset,0.01804165521760828
quercetin_subset,0.03643075955207964
quercetin_subset,0.0330669924990432
quercetin_subset,0.021248533630537123
quercetin_subset,0.03252299257947059
quercetin_subset,0.01894952632753569
quercetin_subset,0.025929265755172584
quercetin_subset,0.021856200315417195
quercetin_subset,0.026127677679704305
quercetin_subset,0.03866859562568512
quercetin_subset,0.03287033492575128
quercetin_subset,0.04206137888222315
quercetin_subset,0.02159565967894712
quercetin_subset,0.027019858472143856
quercetin_subset,0.01606571193979418
quercetin_subset,0.020722559567634066
quercetin_subset,0.02094280120770129
quercetin_subset,0.019357185645820802
quercetin_subset,0.03428182568668122
quercetin_subset,0.035020990678607936
quercetin_subset,0.030146359355547492
quercetin_subset,0.03304544390575153
quercetin_subset,0.029393422758065644
quercetin_subset,0.030837813473745423
quercetin_subset,0.03546680090332952
quercetin_subset,0.02959714138359708
quercetin_subset,0.027987462796542018
quercetin_subset,0.044984474192642135
quercetin_subset,0.020819299393021934
quercetin_subset,0.022088969057945634
quercetin_subset,0.0300383134756041
quercetin_subset,0.036217958380578605
quercetin_subset,0.032018645530294605
quercetin_subset,0.027515956146377297
quercetin_subset,0.0230322806981986
quercetin_subset,0.029755355604863427
quercetin_subset,0.02361927836350589
quercetin_subset,0.04248297117521681
quercetin_subset,0.01651235351564092
quercetin_subset,0.04071106915242089
quercetin_subset,0.016838990923794334
quercetin_subset,0.03424490725298035
quercetin_subset,0.01947502507070907
quercetin_subset,0.02967647737175585
quercetin_subset,0.04092479554051317
quercetin_subset,0.02805490574379093
quercetin_subset,0.04183342052870843
quercetin_subset,0.019663851370744053
quercetin_subset,0.04322516444880467
quercetin_subset,0.04175829716899843
quercetin_subset,0.03231953506735753
quercetin_subset,0.020620212446115824
quercetin_subset,0.029584747669333254
quercetin_subset,0.013982329564604429
quercetin_subset,0.02921978784542125
quercetin_subset,0.03803063703239898
quercetin_subset,0.02126545832115027
quercetin_subset,0.027499699614052953
quercetin_subset,0.04823528595709312
quercetin_subset,0.028209862137365066
quercetin_subset,0.035116814591975284
quercetin_subset,0.030226192887326534
quercetin_subset,0.0200333950697818
quercetin_subset,0.03677330319838566
quercetin_subset,0.023226866506490734
quercetin_subset,0.036015849760885434
quercetin_subset,0.03680708238767803
quercetin_subset,0.019512168515728245
quercetin_subset,0.035609528386006686
quercetin_subset,0.021237965833667497
quercetin_subset,0.02489276223639261
quercetin_subset,0.026172183570986465
quercetin_subset,0.028233137359074338
quercetin_subset,0.037059099876232446
quercetin_subset,0.014892833606686829
quercetin_subset,0.028083430346038156
quercetin_subset,0.026600101874860806
quercetin_subset,0.018878789732083883
quercetin_subset,0.016695763558670543
quercetin_subset,0.03341134285410507
quercetin_subset,0.02943767961783263
quercetin_subset,0.0241474825336348
quercetin_subset,0.03426874745367824
quercetin_subset,0.05351985234741199
quercetin_subset,0.032971529605156875
quercetin_subset,0.024653786583477895
quercetin_subset,0.024339758658905974
quercetin_subset,0.06218647574631599
quercetin_subset,0.030710827008252378
quercetin_subset,0.017428871745926045
quercetin_subset,0.02494439277466478
quercetin_subset,0.030772310071993984
quercetin_subset,0.03126376542654107
quercetin_subset,0.02698738071678395
quercetin_subset,0.028533767065473694
quercetin_subset,0.043992402450539966
quercetin_subset,0.02899688911417176
quercetin_subset,0.04430286944324424
quercetin_subset,0.023795442596499895
quercetin_subset,0.011961424791205011
quercetin_subset,0.023898645289779485
quercetin_subset,0.03762897508926877
quercetin_subset,0.03520310902895775
quercetin_subset,0.01626302752805985
quercetin_subset,0.027123575721497685
quercetin_subset,0.022182454823819732
quercetin_subset,0.032670343069057375
quercetin_subset,0.01969235614649017
quercetin_subset,0.045672198498749525
quercetin_subset,0.020242644627345832
quercetin_subset,0.02924560417402749
quercetin_subset,0.026367525970937337
quercetin_subset,0.033543869754306135
quercetin_subset,0.03943577813314946
quercetin_subset,0.02258101519684659
quercetin_subset,0.040074621501278204
quercetin_subset,0.033055082067711
quercetin_subset,0.03174475404303139
quercetin_subset,0.025483712157523538
quercetin_subset,0.027940328981027388
quercetin_subset,0.03395280749928482
quercetin_subset,0.019701270964232773
quercetin_subset,0.017881570094288778
quercetin_subset,0.023262874830619694
quercetin_subset,0.022683067347011983
quercetin_subset,0.012916270177789244
quercetin_subset,0.03608235136731196
quercetin_subset,0.025746757934243882
quercetin_subset,0.025739458383981863
quercetin_subset,0.024579338008591568
quercetin_subset,0.022678610988794257
quercetin_subset,0.020765671532319573
quercetin_subset,0.03357009928758683
quercetin_subset,0.04415041615010645
quercetin_subset,0.04721893282001635
quercetin_subset,0.03723425986879332
quercetin_subset,0.026971364565552224
quercetin_subset,0.03952197700336112
quercetin_subset,0.030207937203071026
quercetin_subset,0.03605203595660404
quercetin_subset,0.02930071729139103
quercetin_subset,0.026961017856926558
quercetin_subset,0.025362104379946453
quercetin_subset,0.021018408540726414
quercetin_subset,0.021136258583480814
quercetin_subset,0.030450645006985154
quercetin_subset,0.020447871906664927
quercetin_subset,0.02927842126550171
quercetin_subset,0.03993686869522885
quercetin_subset,0.039554058209742796
quercetin_subset,0.02070259956539005
quercetin_subset,0.04611188062111184
quercetin_subset,0.025972092336508018
quercetin_subset,0.021502397364608166
quercetin_subset,0.033049329286433324
quercetin_subset,0.01763084409533135
quercetin_subset,0.018473145059530863
quercetin_subset,0.039085758462142746
quercetin_subset,0.048492513742824025
quercetin_subset,0.026077937047221163
quercetin_subset,0.03270998200082481
quercetin_subset,0.02842937385130402
quercetin_subset,0.04980280976647622
quercetin_subset,0.020600590288913038
quercetin_subset,0.018071896892879077
quercetin_subset,0.03644300263562408
quercetin_subset,0.031180631319534406
quercetin_subset,0.031713349909500636
quercetin_subset,0.02893974722028938
quercetin_subset,0.025053567519111742
quercetin_subset,0.037679775868159654
quercetin_subset,0.037063931288915226
quercetin_subset,0.03513446419792493
quercetin_subset,0.022413759849276828
quercetin_subset,0.028617400674310907
quercetin_subset,0.03930185734745936
quercetin_subset,0.0305080500164468
quercetin_subset,0.029423974209459906
quercetin_subset,0.04116927129504626
quercetin_subset,0.02713375231008546
quercetin_subset,0.030762185889535172
quercetin_subset,0.018498667352436972
quercetin_subset,0.03351895594119508
quercetin_subset,0.03361941852520971
quercetin_subset,0.03455294627680655
quercetin_subset,0.019353434755346365
quercetin_subset,0.02471924312890487
quercetin_subset,0.035593399165537026
quercetin_subset,0.021273532698337025
quercetin_subset,0.03368402442922024
quercetin_subset,0.010293209048461071
quercetin_subset,0.02645975079018424
quercetin_subset,0.045260500061490024
quercetin_subset,0.03506340300752214
quercetin_subset,0.02316443682493545
quercetin_subset,0.02298368447516254
quercetin_subset,0.01684512151518013
quercetin_subset,0.04552598557974673
quercetin_subset,0.04368867408056118
quercetin_subset,0.03598120120841729
quercetin_subset,0.049074382517388354
quercetin_subset,0.027530351778903565
quercetin_subset,0.03828841359343219
quercetin_subset,0.019417412089340835
quercetin_subset,0.027870453054409144
quercetin_subset,0.028655458210479108
quercetin_subset,0.012511035046197029
quercetin_subset,0.02663586005831697
quercetin_subset,0.01162665596777612
quercetin_subset,0.03100008440450511
quercetin_subset,0.033650403691967354
quercetin_subset,0.028277330724455624
quercetin_subset,0.025646949289342132
quercetin_subset,0.01570215255223866
quercetin_subset,0.02921112646596829
quercetin_subset,0.03686527706742259
quercetin_subset,0.03254091832035208
quercetin_subset,0.025894934644751916
quercetin_subset,0.018977842398042514
quercetin_subset,0.01827230716275877
quercetin_subset,0.0286683639979206
quercetin_subset,0.017814934128453634
quercetin_subset,0.021667003707618062
quercetin_subset,0.016446083054662084
quercetin_subset,0.02236898393914822
quercetin_subset,0.020302175781459795
quercetin_subset,0.03935756672726827
quercetin_subset,0.02123516553570491
quercetin_subset,0.025390651693116325
quercetin_subset,0.029423279031063905
quercetin_subset,0.02184628428392501
quercetin_subset,0.03859661053026072
quercetin_subset,0.026988982444615464
quercetin_subset,0.023300183273496776
quercetin_subset,0.031201835085981313
quercetin_subset,0.019748600240884026
quercetin_subset,0.024403707457766016
quercetin_subset,0.022806550280720622
quercetin_subset,0.026598563489436445
quercetin_subset,0.01797800504994713
quercetin_subset,0.03067853105997161
quercetin_subset,0.021001770681860765
quercetin_subset,0.02466983607555387
quercetin_subset,0.03250289925261059
quercetin_subset,0.017997575223089556
quercetin_subset,0.019810701771847083
quercetin_subset,0.032279747278397636
quercetin_subset,0.033936532808965664
quercetin_subset,0.032557657141907496
quercetin_subset,0.028772151528862706
quercetin_subset,0.04215010574379275
quercetin_subset,0.029252179873755207
quercetin_subset,0.017217016008424804
quercetin_subset,0.0357664220475782
quercetin_subset,0.03666942911904138
quercetin_subset,0.02278589540131685
quercetin_subset,0.04528018503919148
quercetin_subset,0.028352211997171774
quercetin_subset,0.020650696526051
quercetin_subset,0.04220014778861819
quercetin_subset,0.024836562884563217
quercetin_subset,0.030567240321647076
quercetin_subset,0.020256388608451872
quercetin_subset,0.044099237713933696
quercetin_subset,0.032978508757769115
quercetin_subset,0.04195852800655482
quercetin_subset,0.035101860232211256
quercetin_subset,0.024447653185448826
quercetin_subset,0.03613141047785172
quercetin_subset,0.03359249046237498
quercetin_subset,0.03353812183740895
quercetin_subset,0.05556855954429836
quercetin_subset,0.04100677571677391
quercetin_subset,0.02999039442811875
quercetin_subset,0.04077693250669545
quercetin_subset,0.027499301850181356
quercetin_subset,0.03508673353132321
quercetin_subset,0.03278411405049854
quercetin_subset,0.022860819760338675
quercetin_subset,0.03479285661061966
quercetin_subset,0.029148902202910727
quercetin_subset,0.019417503181656564
quercetin_subset,0.03188748174783145
quercetin_subset,0.017612333796062786
quercetin_subset,0.03593412757573128
quercetin_subset,0.027093687812449054
quercetin_subset,0.024365363459020004
quercetin_subset,0.02359244314311195
quercetin_subset,0.02922264345860962
quercetin_subset,0.032440655884727644
quercetin_subset,0.02885171980313198
quercetin_subset,0.01896700051046393
quercetin_subset,0.02632110513414184
quercetin_subset,0.0352073892318249
quercetin_subset,0.045565005306848726
quercetin_subset,0.027543394149807436
quercetin_subset,0.03305059234946463
quercetin_subset,0.02759922498695366
quercetin_subset,0.029748515329560653
quercetin_subset,0.02827264927443618
quercetin_subset,0.04094614445631743
quercetin_subset,0.024135096324603998
quercetin_subset,0.03685143452340169
quercetin_subset,0.02424216708896776
quercetin_subset,0.03265272184761994
quercetin_subset,0.0316785693635692
quercetin_subset,0.025781900751672984
quercetin_subset,0.030426633988113256
quercetin_subset,0.02812961800160416
quercetin_subset,0.024886149197883234
quercetin_subset,0.01858954268975223
quercetin_subset,0.029171487767050783
quercetin_subset,0.034618567678512714
quercetin_subset,0.03140355909145682
quercetin_subset,0.021335391829091437
quercetin_subset,0.037415281160709725
quercetin_subset,0.03851620420301802
quercetin_subset,0.048065625782863455
quercetin_subset,0.021459292267428005
quercetin_subset,0.026640855985984386
quercetin_subset,0.026386285658638653
quercetin_subset,0.03637513576309133
quercetin_subset,0.022640917438129193
quercetin_subset,0.016074460911591298
quercetin_subset,0.03497160254763965
quercetin_subset,0.023468723124239477
quercetin_subset,0.03668925318694185
quercetin_subset,0.030682980905217257
quercetin_subset,0.033035300702329476
quercetin_subset,0.035073228706930304
quercetin_subset,0.016913843158361936
quercetin_subset,0.020157309327624356
quercetin_subset,0.022958429606626442
quercetin_subset,0.03373265878797896
quercetin_subset,0.03025297077226538
quercetin_subset,0.035848779404459
quercetin_subset,0.01897775003794773
quercetin_subset,0.04689016284174048
quercetin_subset,0.03215512766902745
quercetin_subset,0.028568129052106914
quercetin_subset,0.029445800004182097
quercetin_subset,0.028202716440922967
quercetin_subset,0.03209483482250101
quercetin_subset,0.02138909460499332
quercetin_subset,0.028664043656590785
quercetin_subset,0.03245265422924466
quercetin_subset,0.022321123439700642
quercetin_subset,0.02221176928428249
quercetin_subset,0.016921266183973466
quercetin_subset,0.025681449488330534
quercetin_subset,0.025498019088794444
quercetin_subset,0.01907304781764354
quercetin_subset,0.02366885022082495
quercetin_subset,0.022984497285303433
quercetin_subset,0.03602736177226351
quercetin_subset,0.038193446594709184
quercetin_subset,0.04101004805873892
quercetin_subset,0.03293878146137482
quercetin_subset,0.02746436084813045
quercetin_subset,0.023719040988597895
quercetin_subset,0.026952861437686815
quercetin_subset,0.019980808899357726
quercetin_subset,0.021451872135079358
quercetin_subset,0.02762113138059145
quercetin_subset,0.034479219701300065
quercetin_subset,0.03177074811311785
quercetin_subset,0.027659161584908613
quercetin_subset,0.020240340811174474
quercetin_subset,0.03938690365556976
quercetin_subset,0.03435462966852729
quercetin_subset,0.022831908430197778
quercetin_subset,0.019698065692815223
quercetin_subset,0.03770686957121624
quercetin_subset,0.030225775384844694
quercetin_subset,0.018484685942086524
quercetin_subset,0.02934809487331154
quercetin_subset,0.03057145528040794
quercetin_subset,0.01986025269026757
quercetin_subset,0.03437548903333836
quercetin_subset,0.02443169306930503
quercetin_subset,0.02700609773514669
quercetin_subset,0.028331424747050644
quercetin_subset,0.04421149649294737
quercetin_subset,0.02594299467009874
quercetin_subset,0.032054296293451356
quercetin_subset,0.027894355639392916
quercetin_subset,0.035165954613764726
quercetin_subset,0.03118713511038502
quercetin_subset,0.014698798424782156
quercetin_subset,0.027171060530905983
quercetin_subset,0.04226422613449221
